name,gene,length,WT_1,WT_2,WT_3,mutant_1,mutant_2,mutant_3
WBGene00000005,aat-4,1330.2,2.811,28.316,0,6.507,0,0
WBGene00000006,aat-5,1392.6,0,80.225,0,0,0,0
WBGene00000056,acr-17,170.4,0,0,0,1,0,0
WBGene00000092,ags-3,1594.6,0,0,0,0,0,0
WBGene00000122,aly-3,871.2,4.948,333.28,16.787,2.349,10.223,11.357
WBGene00000168,apx-1,1003.3,0,0,0,7.276,0,0
WBGene00000196,aars-1,2086.5,0,85.994,0,0,15.838,0
WBGene00000268,bre-3,1218,0,347.001,53.54,0,48.852,40.459
WBGene00000387,cdc-25.2,1256.7,0,33.897,0,1.64,18.627,0
WBGene00000514,ckb-4,960.8,0,0,0,0,9.752,0
WBGene00000530,clh-3,2166.6,0,0,0,0,0,0
WBGene00000534,cpi-2,1050.2,1.007,31.194,2.019,2.019,1.006,0
WBGene00000548,clr-1,3953.6,0,0,0,0,0,0
WBGene00000562,cng-1,1931.5,0,15,0,0,1,0
WBGene00000763,coq-3,95.9,0,77.065,0,0,0,0
WBGene00000801,WBGene00000801,824.2,3,81,8,1,0,7
WBGene00000821,csp-3,694.6,0,0,0,0,0,0
WBGene00000832,ctn-1,2272.2,12.048,0,0,38.021,0,0
WBGene00000841,cul-6,1840.2,7,22.678,4.308,0,11.977,0
WBGene00000857,cwn-1,1253.7,0,1.677,0,1.402,0,0
WBGene00000876,cyl-1,1226.2,2.741,200.661,9.973,5.3,5.755,4.202
WBGene00000898,daf-2,6458.1,0,2.611,0,0,0,0
WBGene00000907,daf-11,2969.6,0,0,0,0,0,0
WBGene00000972,dhs-8,748.1,0,16.655,0,0,0,0
WBGene00000980,dhs-17,1379.2,4.356,77.748,9,14,8,0
WBGene00001080,dpy-21,1244.6,0,0,0,0,0,0
WBGene00001148,eat-20,2169.6,0,0,0,0,0,0
WBGene00001151,ech-2,591.2,11.565,51.196,1.764,0,12.457,0
WBGene00001159,eff-1,1655.8,0,0,0,0,6,0
WBGene00001182,egl-13,1274.2,7.091,55.617,0,8.77,4.84,0
WBGene00001207,egl-43,1523.2,8.554,15.656,0,0,0,0
WBGene00001224,ehs-1,2168.6,0,0,0,0,0,0
WBGene00001340,etr-1,2013.6,0,0,0,0,0,0
WBGene00001368,exc-7,1817.3,0,525.953,30.829,47.073,17.946,17.671
WBGene00001391,far-7,281.8,0,0,0,0,0,0
WBGene00001404,fbp-1,1581.5,0,2.946,0,0,1.377,0
WBGene00001413,fem-3,905.6,0,0,0,0,0,0
WBGene00001439,fkh-7,1641.1,0,15.084,0,0,0,0
WBGene00001455,flp-12,572.6,0,0,0,0,0,0
WBGene00001479,fmo-4,1442.3,0,0,0,5.704,0,0
WBGene00001487,frk-1,981,0,90.48,6,0,16.525,5
WBGene00001538,gcy-12,5104.2,4.482,216.076,6.674,50.145,13.35,0
WBGene00001574,gei-17,2083.2,2.001,1.636,0,0,1.839,0
WBGene00001650,gon-1,6683.6,0,0,0,0,0,0
WBGene00001665,gpa-3,1120,0,12.482,1,3,1,0
WBGene00001671,gpa-9,1522.2,2,125.889,4,2,1,8.582
WBGene00001680,gpb-2,41.5,0,0,0,0,0,0
WBGene00001734,grl-25,2497.7,0,3,0,1,0,0
WBGene00001840,hel-1,1326.2,6.503,182.674,15.465,8.605,6.301,11.256
WBGene00001862,him-3,650.8,0,10.709,0,0,0,4.459
WBGene00001949,hlh-2,887.6,0,0,6,0,0,0
WBGene00002091,ins-8,100.8,0,0,0,0,0,0
WBGene00002123,inx-1,1231.4,0,12.354,0,0,1.92,0
WBGene00002178,jnk-1,1947.9,0,57.123,2,0,0,0
WBGene00002207,sid-3,1373.6,0,0,0,0,0,0
WBGene00002232,kpc-1,2277.1,0,4.536,0,0,0,0
WBGene00002274,lec-11,1029.1,0,4.432,0,0,0,0
WBGene00002717,let-526,5241.6,0,0,0,0,0,0
WBGene00003006,lin-17,1227.6,0,0,0,0,0,0
WBGene00003043,lip-1,930.7,0,64.2,0,5.014,0,0
WBGene00003107,mab-10,1470,0,65.107,5.551,11.465,7.708,0
WBGene00003111,mab-20,2594.6,0,0,0,0,0,0
WBGene00003185,mek-1,900.6,0,0,0,0,0,0
WBGene00003420,WBGene00003420,188.2,0,11,0,0,1,0
WBGene00003525,nas-6,769.6,0,0,0,0,0,0
WBGene00003604,nhr-5,1738.2,9.468,86.373,3.556,0,14.257,19.447
WBGene00003606,nhr-7,1648.6,0,0,0,0,0,0
WBGene00003610,nhr-11,1067.6,0,0,0,0,0,0
WBGene00003614,nhr-15,1299.6,0,0,0,0,0,0
WBGene00003625,nhr-31,1454.6,0,0,0,0,0,0
WBGene00003640,nhr-50,908.6,6.384,91.35,5,14.527,6,11
WBGene00003646,nhr-56,961.8,0,0,0,0,10,0
WBGene00003673,WBGene00003673,533.2,3,23,1,1,0,3
WBGene00003683,nhr-93,910.6,0,0,0,0,0,0
WBGene00003688,nhr-98,1019.2,6,31.296,5,0,0,0
WBGene00003691,nhr-101,900.4,0,0,0,23.89,0,34.084
WBGene00003704,nhr-114,1173.3,221.264,7415.818,603.983,225.915,253.314,397.212
WBGene00003707,nhr-117,1563.2,6,4.424,0,0,0,0
WBGene00003718,nhr-128,1139.2,2,83.423,8,6.598,4,7
WBGene00003723,nhr-133,1016.1,0,2.079,0,0,0,0
WBGene00003779,nob-1,1516.6,0,0,0,0,0,0
WBGene00003799,npp-13,2661.6,0,0,0,0,0,0
WBGene00003815,nars-1,423.7,0,0,0,0,0,0
WBGene00003827,ntl-4,2224.6,0,0,0,0,0,0
WBGene00003961,pct-1,2155.8,0,0,0,0,8.802,0
WBGene00004029,pik-1,1301.2,6.78,39.779,7.645,11.696,20.884,16
WBGene00004121,ptrn-1,2423.6,0,0,0,0,0,0
WBGene00004138,pqn-53,1200.2,13.363,752.92,23.245,24.194,27.608,6.078
WBGene00004151,pqn-68,180.2,0,96.065,4.201,0.895,4.928,5.96
WBGene00004152,pqn-70,742.7,17.861,599.533,31.287,42.021,45.102,57.403
WBGene00004157,pqn-75,1247.8,0,0,0,0,1,0
WBGene00004226,ptr-12,3043.2,7.528,13.305,1.999,2.068,0,2.321
WBGene00004275,rab-11.2,367.2,0,0,0,0,0,0
WBGene00004310,ras-1,238,0,0,0,0,0,0
WBGene00004337,rfc-1,2257.6,0,0,0,0,0,0
WBGene00004357,rho-1,290.5,21.462,238.97,20.946,0,44.328,21.419
WBGene00004384,rnp-1,946,0,92.091,3.858,2.63,0,0
WBGene00004412,rpl-1,245.6,28.436,206.291,9.592,11.297,9.727,12.18
WBGene00004414,rpl-3,1056.2,56.401,358.19,14.769,51.312,41.989,23.243
WBGene00004424,rpl-12,349.4,49.187,460.089,22.087,42.959,41.667,26.84
WBGene00004425,rpl-13,37.8,0,0,0,0,0,0
WBGene00004434,rpl-22,203.9,10.645,178.757,2.083,6.336,5.25,12.702
WBGene00004444,rpl-30,70.6,0,0,0,0,0,0
WBGene00004492,rps-23,38.2,0,0,0,0,0,0
WBGene00004508,rrf-1,427.3,4.544,20.173,0,4.09,0,0
WBGene00004698,rsp-1,1975.2,36.31,132.41,3.043,23.992,28.64,8.025
WBGene00004703,rsp-6,533.1,11.728,240.494,15.236,10.768,16.698,23.928
WBGene00004767,sel-10,1611.6,0,0,0,0,0,0
WBGene00004803,sir-2.4,756.5,0,25.456,0,0,1.777,0
WBGene00004876,smf-1,1189.6,0,0,0,0,0,0
WBGene00005137,srd-73,235.3,0,0,0,0,0,0
WBGene00005147,srd-70,1140.6,0,0,0,0,0,0
WBGene00005148,srd-71,196.6,0,0,0,0,0,0
WBGene00005301,srh-80,895.6,0,0,0,0,0,0
WBGene00005407,srh-194,697.6,0,0,0,0,0,0
WBGene00005410,srh-199,571.6,0,0,0,0,0,0
WBGene00005444,srh-237,603.2,5,73.794,1,5,4,4
WBGene00005447,srh-240,724.5,0,0,0,0,0,1
WBGene00005477,srh-271,512.9,0,0,0,0,2,0
WBGene00005518,sri-6,683.6,0,0,0,0,0,0
WBGene00005531,sri-19,807.1,0,1,0,0,0,0
WBGene00005585,sri-73,714.6,0,0,0,0,0,0
WBGene00005602,srj-14,1697.3,0,0,0,1,0,0
WBGene00005687,sru-24,781.6,0,0,0,0,0,0
WBGene00005801,srw-54,901.6,0,0,0,0,0,0
WBGene00005808,srw-61,850.6,0,0,0,0,0,0
WBGene00005832,srw-85,949.2,2,12.599,1,0,4,2
WBGene00005965,srx-74,703.6,0,0,0,0,0,0
WBGene00005987,srx-96,399.7,0,0,0,0,0,0
WBGene00006075,str-7,600.2,1,0.997,0,0,0,0
WBGene00006084,str-16,1088.8,0,8,0,0,0,5
WBGene00006092,str-25,736.6,0,0,0,0,0,0
WBGene00006111,str-46,509.6,0,0,0,0,0,0
WBGene00006140,str-81,1043.6,0,0,0,0,0,0
WBGene00006279,str-253,737.6,0,0,0,0,0,0
WBGene00006353,sur-7,1174.1,0,84.801,0,0,0,0
WBGene00006416,sams-5,1091.9,0,25.993,2.295,0,0,0
WBGene00006466,tag-115,722.8,0,53.803,1.934,0,2.859,0
WBGene00006510,mtrr-1,1776.2,3.725,90.464,17.021,10.841,2.861,14.433
WBGene00006514,tdp-1,985.6,0,0,0,0,0,0
WBGene00006560,tbx-41,493.6,0,0,0,0,0,0
WBGene00006592,dpy-31,1402.6,0,0,0,0,0,0
WBGene00006606,tra-3,1964.6,0,0,0,0,0,0
WBGene00006678,twk-25,1789.6,0,175.075,0,7.28,0,19.628
WBGene00006757,unc-18,1556.6,0,0,0,0,0,0
WBGene00006787,unc-52,424.3,41.606,682.652,117.049,81.249,89.49,99.835
WBGene00006810,unc-78,1614.6,0,0,0,0,0,0
WBGene00006923,vhp-1,1307.3,0,158.434,6.568,29.459,20.139,9.14
WBGene00006937,wah-1,2155.2,104.96,1257.271,88.379,111.921,92.423,85.995
WBGene00006962,xol-1,1368.6,0,0,0,0,0,0
WBGene00006975,zfp-1,3625,0,483.426,15.543,68.241,0,0
WBGene00007089,B0001.4,967.9,0,98.529,6.111,0,0,0
WBGene00007103,crm-1,2187.1,0,10.048,6.774,15.593,0,4.933
WBGene00007116,B0198.3,84.2,0,0,0,0,0,0
WBGene00007124,B0250.7,856.2,8,44,6,3,9,2
WBGene00007155,B0379.1,414.9,0,4.393,0,0,0,1.195
WBGene00007237,C01G10.10,993.2,2.242,59.996,3.55,1.355,0,0
WBGene00007295,C04C11.1,600.6,0,0,0,0,0,0
WBGene00007322,C05B5.5,1464.9,0,25.017,0,2,3,2
WBGene00007490,mks-5,33.1,0,0,0,0,0,0
WBGene00007534,fubl-1,1448.7,0,125.811,0,58.852,0,0
WBGene00007599,C15A11.7,900.2,19.682,387.489,35.075,18.483,31.424,46.324
WBGene00007646,nkb-1,1816.2,188.11,2519.739,0,0,0,232
WBGene00007657,pals-3,1791.1,0,1.267,0,0,0,0
WBGene00007683,C18E9.2,840.6,0,0,0,0,0,0
WBGene00007734,C25G4.7,609.2,5,9,0,1,2,0
WBGene00007746,C26D10.6,1279.6,0,0,0,0,0,0
WBGene00007757,C27A7.6,1242.2,92.132,495.587,52.702,0,8.454,60.038
WBGene00007764,C27B7.7,4099.2,4,0,0,0,0,0
WBGene00007824,dlat-2,745.6,0,0,0,0,0,0
WBGene00007907,C34B4.2,836.2,3.813,50.314,4.83,1.54,1.486,0
WBGene00007994,C37E2.2,484.9,0,1.435,0,0,0,2
WBGene00008003,enu-3.2,1233.6,0,0,0,0,0,0
WBGene00008072,C43F9.4,857.3,0,8,0,2,0,0
WBGene00008156,C47E12.13,155.7,0,3,0,0,0,0
WBGene00008178,C48D1.5,532.8,0,5,0,0,0,0
WBGene00008240,C50H2.4,660.4,0,0,2,3.742,0,0
WBGene00008286,C54C6.4,541.6,0,0,0,0,0,0
WBGene00008307,ncs-5,693.3,0,0,3,3,4,1
WBGene00008346,C56A3.8,947.8,0,0,0,0,5.95,0
WBGene00008432,D2085.7,3251.2,6.453,132.237,2.152,6.482,4.319,5.542
WBGene00008498,F01D5.8,1374.2,1.554,37.614,11,3.329,3.191,0
WBGene00008537,WBGene00008537,861.2,4,12,1,2,1,2
WBGene00008560,pho-13,1119.2,3.419,4.577,0,0,0,0
WBGene00008583,ugt-65,1134.2,2,2.274,1,0,7,0
WBGene00008601,mob-2,711.2,8.881,0,0,2.606,0,0
WBGene00008706,gba-3,1547.1,0,28.756,0,0,0,0
WBGene00008731,F13B12.3,1891.2,5,31.367,1,3,2,0
WBGene00008732,F13B12.4,1094.9,0,6.048,0,10,3,2
WBGene00008777,F13H10.6,101.1,44.016,781.74,23.977,51.121,18.238,46.518
WBGene00008787,F14B6.6,433.7,0,0,0,0,0,0
WBGene00008842,WBGene00008842,2172.9,0,0,0,0,0,0
WBGene00008877,rtcb-1,1316.7,0,3.126,0,10.359,2.28,0
WBGene00008905,F17B5.1,2304.7,0,12,0,3,0,0
WBGene00009147,F26C11.3,3552.6,0,0,0,0,0,0
WBGene00009224,F28F8.7,1189.2,6.61,0,0,0,0,0
WBGene00009231,ceh-89,1166.8,0,22.863,7,0,5.94,0
WBGene00009259,hpo-34,3508.2,22.625,267.502,0,0,57.505,7.404
WBGene00009288,F31C3.6,1325.8,0,0,0,0,5.943,0
WBGene00009385,sas-5,940.6,0,0,0,0,0,0
WBGene00009433,F35E12.9,1637.2,9.188,271.732,1.247,0,0,4.784
WBGene00009439,mlcd-1,1065,0,10.696,1.619,1.873,0,0
WBGene00009451,cids-2,1758.1,0,27.147,0,0,0,0
WBGene00009531,F38B2.4,39,0,0,0,0,0,0
WBGene00009536,F38C2.4,554.6,0,0,0,0,0,0
WBGene00009569,srz-66,754.6,0,0,0,0,0,0
WBGene00009575,F40F8.1,1090.2,14.726,5.777,5.132,2.305,3.817,2.68
WBGene00009580,xbx-6,1060.6,0,12.385,0,3.453,0,4.194
WBGene00009686,ent-7,1108.6,0,0,0,0,0,0
WBGene00009709,fbxa-144,684.6,0,0,0,0,0,0
WBGene00009771,F46B6.6,1766.6,0,0,0,0,0,0
WBGene00009796,F46G10.1,274.9,0,0,0,0,0,0
WBGene00009838,WBGene00009838,1514.1,0,0,0,0,0,0
WBGene00009848,F48F5.6,171.9,0,34.1,0,7,3,0
WBGene00009902,drd-1,532.9,0,0,0,0,20.174,0
WBGene00009919,kbrl-1,1273.9,0,104.291,0,18.647,7.986,8.698
WBGene00010006,F53H2.3,1338.2,38.894,353.481,35.325,30.625,51.374,52.899
WBGene00010077,F55A11.4,1602.6,0,0,0,0,0,0
WBGene00010146,glb-19,409.3,2.278,54.481,0,3.995,2.281,0
WBGene00010260,ddx-17,1724.2,22.582,448.918,31.191,23.886,29.35,13.135
WBGene00010281,mip-2,1735.6,0,0,0,0,0,0
WBGene00010286,F58H1.3,398.7,0,0,0,0,0,0
WBGene00010341,glo-3,1762.6,0,0,0,0,0,0
WBGene00010391,oac-37,1699.5,0,32.563,0,0,1,0
WBGene00010447,K01A6.5,428.7,0,0,0,0,0,0
WBGene00010564,ath-1,775.3,0,15.379,14.374,5.071,6.2,9.67
WBGene00010592,K06A4.2,703.2,2,3.192,0,0,0,0
WBGene00010654,WBGene00010654,264.4,0,1,0,0,0,0
WBGene00010658,K08D8.4,1231.7,0,30.224,0,6.861,0,3.902
WBGene00010731,K10C3.4,949.5,0,0,0,0,0,4.667
WBGene00010743,K10D6.3,313.3,0,9.293,0,0,0,0
WBGene00010782,K11H3.5,139,0,0,0,0,0,0
WBGene00010849,M04B2.7,361.7,0,0,0,0,0,0
WBGene00010929,srt-45,770.6,0,0,0,0,0,0
WBGene00011078,R07B1.6,368.2,0,3,0,0,0,0
WBGene00011167,chil-23,745.2,1,0,0,1,0,0
WBGene00011180,R09H10.2,731.4,0,0,1,2,0,0
WBGene00011207,R10E8.1,1847.2,3,52.174,0,0,0,0
WBGene00011248,R11D1.10,931,0,8.8,2.09,1.681,5.065,0
WBGene00011563,jmjd-4,840.6,0,0,0,0,0,0
WBGene00011590,bus-19,748.6,0,0,2,0,0,0
WBGene00011681,T10B10.4,558,0,43.971,1,5.696,0,0
WBGene00011733,T12D8.5,362.4,1.766,61.504,0,6.268,4.155,0
WBGene00011750,nhr-218,639.6,0,0,0,0,0,0
WBGene00011813,T16H12.3,1004.6,0,87.139,0,1.638,0,2.47
WBGene00011965,T23G7.2,1345.2,3.877,82.534,0,0,5.152,1.432
WBGene00011967,pir-1,525.2,5.032,27.791,6.728,0,0,0
WBGene00011971,lron-9,22.1,0,0,0,0,0,0
WBGene00012164,W01A8.2,426.4,0,88.38,2.253,7.408,15.746,2.508
WBGene00012180,W01D2.3,8.5,0,1.771,0,0,0,0
WBGene00012228,W03H9.2,434.3,2,0,0,0,0,0
WBGene00012239,W04A8.4,756.2,4.043,73.475,5.119,20.309,9,11.832
WBGene00012242,srt-39,472.7,0,12,0,1,0,0
WBGene00012404,Y6G8.2,2896.4,0,3,0,0,1,0
WBGene00012423,Y10G11A.1,308.8,0,0,0,0,0,0
WBGene00012455,Y17D7C.1,212.1,0,0,0,0,0,0
WBGene00012458,ash-2,2660.6,0,0,0,0,0,0
WBGene00012503,Y26D4A.5,291.8,0,0,0,0,0,0
WBGene00012522,Y32B12B.2,2177.6,0,0,0,0,0,0
WBGene00012538,semo-1,1611.1,0,23.362,3.635,5.829,0,10.024
WBGene00012552,enu-3.5,1221.6,0,0,0,0,0,0
WBGene00012622,Y38H6C.9,505.6,0,13.008,0,0,2,4
WBGene00012633,Y38H6C.21,634.2,1.017,17.24,0,2,0,4
WBGene00012658,Y39A1A.21,119.8,0,17.458,0,0,0,0
WBGene00012705,sre-18,523.5,0,0,1,1,0,0
WBGene00012769,hrpu-1,4778.7,0,216.073,42.675,0,0,45.073
WBGene00012789,Y43D4A.3,903.6,0,0,0,0,0,0
WBGene00012795,Y43E12A.3,691.2,7.603,16.25,0,0,4.736,0
WBGene00012891,sorb-1,942.2,3.669,0,0,0,6.863,0
WBGene00012973,spat-2,2635.6,0,0,0,0,0,0
WBGene00013014,Y48E1C.1,4156.2,10.495,209.507,20.839,11.838,5.068,11
WBGene00013036,fbxa-218,1282.5,0,9,0,0,1,0
WBGene00013060,Y51A2A.4,1.3,0,0,0,0,0,0
WBGene00013072,Y51A2D.1,860.6,0,0,0,0,0,0
WBGene00013075,ints-5,2696.6,0,0,0,0,0,0
WBGene00013100,zip-7,30.6,0,0,0,0,0,0
WBGene00013119,Y51H4A.25,1482.5,0,24.666,0,0,3,2.014
WBGene00013132,strd-1,884.6,0,0,0,0,0,0
WBGene00013178,Y53H1A.2,23.9,0,0,0,0,0,0
WBGene00013203,Y54E5A.8,728.7,0,9.633,0,2.601,0,0
WBGene00013312,hhat-2,324.8,0,0,0,0,0,0
WBGene00013317,Y57G11C.22,932.5,0,0,0,0,0,17
WBGene00013331,Y57G11C.42,1491.9,0,358.236,0,0,0,0
WBGene00013481,Y69H2.3,1395.6,0,0,0,0,0,0
WBGene00013485,Y69H2.10,2380.2,1.606,1.67,0,0,1.835,0
WBGene00013507,Y71A12B.10,1379.8,0,24,2,0,1,0
WBGene00013510,WBGene00013510,1263.6,0,54.166,5.367,0,1.162,0
WBGene00013536,Y73F8A.32,560.1,0,0,0,1,1,0
WBGene00013548,lury-1,245.3,0,16,3,1,0,0
WBGene00013598,vps-28,99,0,0,0,0,0,0
WBGene00013633,Y105C5A.8,43,0,0,0,0,0,0
WBGene00013639,Y105C5A.15,2504.6,0,0,0,0,0,0
WBGene00013647,Y105C5B.5,101.6,0,0,0,0,0,0
WBGene00013695,epg-8,881.3,0,69.358,7.813,4.252,5.264,3.903
WBGene00013730,sql-1,3812.4,0,0,0,5.038,0,6.615
WBGene00013790,Y116A8C.10,913.2,33.192,396.821,21.437,47.199,25,28
WBGene00013807,Y116A8C.30,3.2,0,0,0,0,0,0
WBGene00013808,sfa-1,1756.5,0,375.312,0,0,30.538,31.534
WBGene00013825,Y116F11B.9,1495.6,0,0,0,0,0,0
WBGene00013826,WBGene00013826,2718.2,1,6.718,0,0,0,0
WBGene00013844,fbxa-50,637.2,1,16,0,0,1,3
WBGene00013862,wdr-5.3,1231.2,9,19.053,6.052,1.963,0,1.167
WBGene00013905,ugt-4,1334.3,0,0,0,18.22,0,0
WBGene00013908,srbc-43,185.5,0,0,0,0,0,0
WBGene00013925,coa-7,17.6,0,0,0,0,0,0
WBGene00013963,sulp-8,1726.2,16.82,142.226,0,0,0,0
WBGene00014172,clpp-1,20.7,0,0,0,0,0,0
WBGene00014294,WBGene00014294,1846.8,44,1105,80,51,47,68
WBGene00014300,D2023.1,563.2,9.237,96.97,6.481,12.523,1,0
WBGene00014307,WBGene00014307,520.9,802,32773.749,904,797,517,1043.058
WBGene00014309,WBGene00014309,1264.6,2184,47684.367,2058,2066.516,1565.738,2510
WBGene00014569,bkip-1,71.4,0,0,0,0,0,0
WBGene00014644,WBGene00014644,72,0,0,0,0,0,0
WBGene00014645,WBGene00014645,73,0,0,0,0,0,0
WBGene00014646,WBGene00014646,72,0,0,0,0,0,0
WBGene00014647,WBGene00014647,72,0,0,0,0,0,0
WBGene00014648,WBGene00014648,73,0,0,0,0,0,0
WBGene00014649,WBGene00014649,71,0,0,0,0,0,0
WBGene00014650,WBGene00014650,74,0,0,0,0,0,0
WBGene00014651,WBGene00014651,71,0,0,0,0,0,0
WBGene00014652,WBGene00014652,72,0,0,0,0,0,0
WBGene00014653,WBGene00014653,72,0,0,0,0,0,0
WBGene00014654,WBGene00014654,72,0,0,0,0,0,0
WBGene00014655,WBGene00014655,73,0,0,0,0,0,0
WBGene00014656,WBGene00014656,73,0,0,0,0,0,0
WBGene00014657,WBGene00014657,73,0,0,0,0,0,0
WBGene00014658,WBGene00014658,74,0,0,0,0,0,0
WBGene00014659,WBGene00014659,73,0,0,0,0,0,0
WBGene00014664,WBGene00014664,75,0,0,0,0,0,0
WBGene00014666,C05D12.3,2994.2,2.48,230.014,7.44,0,6.279,0
WBGene00014669,zipt-2.1,1518.8,0,9.932,0,0,0,1.272
WBGene00014670,WBGene00014670,72,0,0,0,0,0,0
WBGene00014671,WBGene00014671,73,0,0,0,0,0,0
WBGene00014677,WBGene00014677,73,0,0,0,0,0,0
WBGene00014682,WBGene00014682,73,0,0,0,0,0,0
WBGene00014683,WBGene00014683,73,0,0,0,0,0,0
WBGene00014684,WBGene00014684,70,0,0,0,0,0,0
WBGene00014685,WBGene00014685,71,0,0,0,0,0,0
WBGene00014686,WBGene00014686,73,0,0,0,0,0,0
WBGene00014691,WBGene00014691,72,0,0,0,0,0,0
WBGene00014704,WBGene00014704,70,0,0,0,0,0,0
WBGene00014705,WBGene00014705,71,0,0,0,0,0,0
WBGene00014706,WBGene00014706,72,0,0,0,0,0,0
WBGene00014707,WBGene00014707,71,0,0,0,0,0,0
WBGene00014708,WBGene00014708,73,0,0,0,0,0,0
WBGene00014715,WBGene00014715,71,0,0,0,0,0,0
WBGene00014716,WBGene00014716,71,0,0,0,0,0,0
WBGene00014717,WBGene00014717,71,0,0,0,0,0,0
WBGene00014718,WBGene00014718,71,0,0,0,0,0,0
WBGene00014719,WBGene00014719,71,0,0,0,0,0,0
WBGene00014720,WBGene00014720,73,0,0,0,0,0,0
WBGene00014721,WBGene00014721,71,0,0,0,0,0,0
WBGene00014724,WBGene00014724,74,0,0,0,0,0,0
WBGene00014727,WBGene00014727,73,0,0,0,0,0,0
WBGene00014738,WBGene00014738,70,0,0,0,0,0,0
WBGene00014758,WBGene00014758,72,0,0,0,0,0,0
WBGene00014763,WBGene00014763,71,0,0,0,0,0,0
WBGene00014775,WBGene00014775,73,0,0,0,0,0,0
WBGene00014776,WBGene00014776,73,0,0,0,0,0,0
WBGene00014781,WBGene00014781,74,0,0,0,0,0,0
WBGene00014782,WBGene00014782,73,0,0,0,0,0,0
WBGene00014783,WBGene00014783,72,0,0,0,0,0,0
WBGene00014784,WBGene00014784,72,0,0,0,0,0,0
WBGene00014785,WBGene00014785,72,0,0,0,0,0,0
WBGene00014786,WBGene00014786,73,0,0,0,0,0,0
WBGene00014787,WBGene00014787,73,0,0,0,0,0,0
WBGene00014788,WBGene00014788,72,0,0,0,0,0,0
WBGene00014793,H40L08.2,227,0,0,0,0,0,0
WBGene00014801,K08E5.1,3818.5,0,5,0,0,1,0
WBGene00014813,M176.9,1504.6,0,0,0,0,0,0
WBGene00014824,WBGene00014824,73,0,0,0,0,0,0
WBGene00014826,R13H4.2,494.4,61.678,659.611,26.889,83.608,36.689,42.107
WBGene00014828,WBGene00014828,73,0,0,0,0,0,0
WBGene00014843,WBGene00014843,73,0,0,0,0,0,0
WBGene00014849,WBGene00014849,75,0,0,0,0,0,0
WBGene00014853,WBGene00014853,72,0,0,0,0,0,0
WBGene00014855,WBGene00014855,73,0,0,0,0,0,0
WBGene00014856,WBGene00014856,72,0,0,0,0,0,0
WBGene00014865,WBGene00014865,72,0,0,0,0,0,0
WBGene00014866,WBGene00014866,72,0,0,0,0,0,0
WBGene00014867,WBGene00014867,73,0,0,0,0,0,0
WBGene00014872,WBGene00014872,73,0,0,0,0,0,0
WBGene00014873,WBGene00014873,72,0,0,0,0,0,0
WBGene00014875,WBGene00014875,72,0,0,0,0,0,0
WBGene00014876,WBGene00014876,72,0,0,0,0,0,0
WBGene00014877,WBGene00014877,73,0,0,0,0,0,0
WBGene00014878,WBGene00014878,72,0,0,0,0,0,0
WBGene00014879,WBGene00014879,72,0,0,0,0,0,0
WBGene00014880,WBGene00014880,72,0,0,0,0,0,0
WBGene00014881,WBGene00014881,72,0,0,0,0,0,0
WBGene00014882,WBGene00014882,72,0,0,0,0,0,0
WBGene00014887,WBGene00014887,73,0,0,0,0,0,0
WBGene00014889,WBGene00014889,73,0,0,0,0,0,0
WBGene00014890,WBGene00014890,74,0,0,0,0,0,0
WBGene00014891,WBGene00014891,72,0,0,0,0,0,0
WBGene00014892,WBGene00014892,74,0,0,0,0,0,0
WBGene00014893,WBGene00014893,73,0,0,0,0,0,0
WBGene00014894,WBGene00014894,73,0,0,0,0,0,0
WBGene00014895,WBGene00014895,73,0,0,0,0,0,0
WBGene00014896,WBGene00014896,74,0,0,0,0,0,0
WBGene00014897,WBGene00014897,69,0,0,0,0,0,0
WBGene00014908,WBGene00014908,73,0,0,0,0,0,0
WBGene00014910,WBGene00014910,75,0,0,0,0,0,0
WBGene00014911,WBGene00014911,73,0,0,0,0,0,0
WBGene00014928,WBGene00014928,71,0,0,0,0,0,0
WBGene00014929,WBGene00014929,72,0,0,0,0,0,0
WBGene00014930,WBGene00014930,71,0,0,0,0,0,0
WBGene00014931,WBGene00014931,71,0,0,0,0,0,0
WBGene00014932,WBGene00014932,72,0,0,0,0,0,0
WBGene00014935,WBGene00014935,73,0,0,0,0,0,0
WBGene00014936,WBGene00014936,73,0,0,0,0,0,0
WBGene00014939,WBGene00014939,73,0,0,0,0,0,0
WBGene00014945,WBGene00014945,73,0,0,0,0,0,0
WBGene00014952,WBGene00014952,72,0,0,0,0,0,0
WBGene00014965,Y106G6D.5,1392.2,5.094,41.302,1.393,0,0,4.307
WBGene00014966,WBGene00014966,71,0,0,0,0,0,0
WBGene00014969,WBGene00014969,70,0,0,0,0,0,0
WBGene00014970,WBGene00014970,73,0,0,0,0,0,0
WBGene00014971,WBGene00014971,73,0,0,0,0,0,0
WBGene00014972,WBGene00014972,73,0,0,0,0,0,0
WBGene00014973,WBGene00014973,73,0,0,0,0,0,0
WBGene00014974,WBGene00014974,81,0,0,0,0,0,0
WBGene00014983,WBGene00014983,72,0,0,0,0,0,0
WBGene00014989,best-23,1083.6,0,0,0,0,0,0
WBGene00014990,WBGene00014990,72,0,0,0,0,0,0
WBGene00015069,srt-67,571.2,0,10,0,0,0,0
WBGene00015077,WBGene00015077,2631.6,0,0,0,0,0,0
WBGene00015271,Y19D10A.4,806.6,0,0,0,0,0,0
WBGene00015273,mct-2,1430.2,178,1208.286,53,177.133,163.699,96.118
WBGene00015279,cest-5.1,1478.3,0,0,0,2,0,0
WBGene00015306,C01G5.4,3043.2,3,20.543,5,3,0,1
WBGene00015336,C02D5.2,483.6,0,0,0,0,0,0
WBGene00015349,henn-1,1109.1,0,16.462,0,0,0,0
WBGene00015406,C03H5.4,226,0,0,0,0,0,0
WBGene00015478,mapk-15,1149.2,1,0,5,0,2,0
WBGene00015509,C06A6.4,1389.2,3.462,154.69,1.509,1.48,7.217,9.126
WBGene00015538,sams-3,1246.4,0,235.587,1.727,13.023,7.154,1.797
WBGene00015540,sams-4,1318.1,0,76.871,0,0,0,0
WBGene00015616,WBGene00015616,1920.2,1,14,1,8,0,0
WBGene00015644,C09E8.1,2627.9,0,13.973,1.838,0,0,0
WBGene00015660,catp-3,2975.6,0,0,0,0,0,0
WBGene00015687,chdp-1,1367.2,305,3227.094,247,0,0,0
WBGene00015705,nhr-152,796.2,1,0,0,0,0,0
WBGene00015816,C16A11.3,769.2,19.756,96.914,1.833,11.897,16.41,0
WBGene00015877,C17B7.3,567.6,0,0,0,0,0,0
WBGene00015942,osta-2,1536.8,0,16.495,0,0,0,1.762
WBGene00015975,cas-2,1055,0,8.918,2.222,3.546,0,0
WBGene00016006,fln-2,11071,0,215.857,16.514,6.605,4.014,0
WBGene00016019,ascc-1,952.6,0,0,0,0,0,0
WBGene00016022,C23H3.9,2877.1,0,29.537,0,0,0,0
WBGene00016045,spas-1,1462.7,0,9.923,0,1.519,0,0
WBGene00016059,hir-1,2802.2,14.373,1039.411,44.887,16.467,23.466,61.16
WBGene00016093,srsx-34,1715.9,0,116.583,18.844,0,0,0
WBGene00016115,mdt-26,1721.2,4.119,112.723,4.694,0,7.077,0
WBGene00016116,C25H3.7,270.1,0,0,0,0,4.086,0
WBGene00016201,tdo-2,1170.2,1.801,57.154,0,4.201,0,1.454
WBGene00016289,lntl-1,899.8,0,42.207,0,0,0,1.36
WBGene00016354,rig-6,2535.2,16.805,1188.807,71.405,37.072,29.045,102.7
WBGene00016379,C33H5.13,69.4,1.372,30.406,2.603,8.14,1,2
WBGene00016470,WBGene00016470,695.1,0,0,0,0,0,0
WBGene00016471,srab-8,733.6,0,0,0,0,0,0
WBGene00016513,C38C3.4,1428.1,0,6.622,0,0,0,0
WBGene00016650,ubr-4,13129.6,0,0,0,0,0,0
WBGene00016693,srbc-20,349.7,0,0,0,0,0,0
WBGene00016717,math-22,947.2,5,196.053,2,0,4.42,1.509
WBGene00016739,pitr-1,1496.1,0,21.287,0,0,0,0
WBGene00016763,C49A9.9,1146.5,0,14.536,0,0,3.286,0
WBGene00016811,luc-7L3,821.2,7.522,49.753,7.522,0,0,1.382
WBGene00016826,C50E10.2,1023.6,0,0,0,0,0,0
WBGene00016842,npr-35,1144.6,0,0,0,0,0,0
WBGene00016907,C53H9.2,1372.2,155.679,1661.786,71.344,166.585,94.993,90.017
WBGene00016919,C54E4.4,360.4,1,0,0,1,0,0
WBGene00016964,C56C10.7,982.2,8.697,19.317,5.496,2.994,6.646,0
WBGene00016999,D1005.5,547.6,0,0,0,0,0,1
WBGene00017037,D1069.3,1867.6,0,0,0,0,0,0
WBGene00017052,D2024.4,962.6,0,0,0,0,0,0
WBGene00017082,DC2.5,694.6,0,0,0,0,0,0
WBGene00017083,kin-33,1687.6,0,0,0,0,0,0
WBGene00017093,E02C12.8,838.6,0,73.126,0,7.929,0,3.746
WBGene00017125,acdh-12,1268.6,0,0,0,0,0,0
WBGene00017138,fbxl-3,2011.6,0,188.736,0,2.903,0,8.475
WBGene00017275,F08F8.10,1075.3,0,154.679,7.325,13.124,13.937,15.286
WBGene00017297,F09E10.7,157.2,0,0,0,0,0,0
WBGene00017392,WBGene00017392,1294.2,2,10,0,1,1,3
WBGene00017398,slc-17.6,1432.7,0,187.438,9.577,23.902,0,0
WBGene00017512,nhr-179,939.5,0,0,4,2.988,2,0
WBGene00017565,ddo-2,828.2,5.39,218.897,40.528,41.132,30.193,25.074
WBGene00017602,WBGene00017602,599.1,0,0,0,0,0,0
WBGene00017691,ilys-5,894.2,3.082,29.878,0,0,0,0
WBGene00017722,F22F7.4,1168.6,0,0,0,0,0,0
WBGene00017979,F32B5.6,1521.2,0,0,0,0,0,0
WBGene00017983,F32D1.3,2009.2,2,0,0,0,0,3
WBGene00017987,F32D1.8,81,0,0,0,0,0,0
WBGene00018038,F35C8.8,84.2,0,0,0,0,0,0
WBGene00018063,F35F10.14,235,0,0,0,0,0,0
WBGene00018094,F36F12.3,905.6,0,0,0,0,0,0
WBGene00018112,F36H9.4,56.2,0,0,0,0,0,0
WBGene00018189,nhr-181,885.2,1,0,0,0,0,0
WBGene00018227,nep-15,626.6,0,0,0,0,0,0
WBGene00018233,F40E3.6,474.2,0,4,0,0,0,0
WBGene00018285,smk-1,3034.8,0,0,0,0,6.466,0
WBGene00018415,nhr-184,1068.7,0,39.992,0,1.227,0,0
WBGene00018486,glb-16,1155.6,0,0,0,0,0,0
WBGene00018552,srt-19,14.1,0,0,0,0,0,0
WBGene00018614,pals-31,598.9,0,9.404,0,0,0,1.149
WBGene00018638,F49E8.7,1261.2,10.324,169.884,0,0,0,0
WBGene00018683,F52D1.2,293.5,5,14.345,2,2,3,2
WBGene00018709,srsx-8,539.6,0,0,0,0,0,0
WBGene00018750,F53C3.6,528.6,0,0,0,0,0,0
WBGene00018764,F53F10.2,1666.6,0,0,0,0,0,0
WBGene00018788,shc-1,4317.2,4.576,5.306,4.528,0,0,4.71
WBGene00018869,rfip-1,1394.1,0,13.017,5.609,2.37,0,2.516
WBGene00018890,F55F8.2,2030.6,0,0,0,0,0,0
WBGene00018917,irld-35,672.8,0,12,0,1,2,0
WBGene00018920,F56A4.12,29.7,0,0,0,0,0,0
WBGene00018958,cest-27,1427.3,0,0,0,17.054,0,0
WBGene00019020,F57H12.5,1340.2,6,0,0,0,0,0
WBGene00019055,F58F9.1,1095.6,0,0,0,0,0,0
WBGene00019079,rpa-4,1302.1,0,104.484,0,0,0,0
WBGene00019103,F59D6.1,278.8,0,0,0,0,0,0
WBGene00019108,chpf-2,500.6,0,48.893,0,0,1.516,1.408
WBGene00019127,cgt-3,1234.1,0,27.774,0,0,0,0
WBGene00019213,H20E11.1,1725.1,0,31.359,1.947,8.554,0,2.024
WBGene00019239,H24K24.2,1145.1,0,0,0,0,0,0
WBGene00019262,dmsr-12,821.6,0,0,0,0,0,0
WBGene00019264,H35B03.2,948.8,0,0,0,0,2.339,0
WBGene00019278,WBGene00019278,829.6,0,15,0,3,0,1
WBGene00019285,cbn-1,1856.6,0,0,0,0,0,0
WBGene00019393,irld-45,1597.6,0,0,0,0,0,0
WBGene00019408,K05F1.6,3774.1,0,1.941,0,0,0,0
WBGene00019461,K07A3.3,1374.2,1.738,8.246,0,3.154,0,0
WBGene00019466,tos-1,266.8,74.438,3550.302,132.314,95.236,114.109,164.172
WBGene00019467,K07B1.7,1345.2,10,146.508,23,3.628,0,15
WBGene00019497,K07E8.6,1187.6,0,0,0,0,0,0
WBGene00019556,K09C6.2,2858.7,0,30,3,2,0,1
WBGene00019562,K09C6.8,1607.3,0,0,0,6.602,0,0
WBGene00019579,oac-57,31.2,0,31.123,0,2.931,1,5
WBGene00019627,hira-1,2838.6,0,0,0,0,0,0
WBGene00019686,K12H6.6,1195.5,0,4.742,0,0,1.177,0
WBGene00019698,riok-1,1970.9,0,14.689,1.289,0,0,0
WBGene00019929,R07C3.13,428.7,0,0,0,0,0,0
WBGene00019940,npp-21,3681.6,0,0,0,0,0,0
WBGene00019946,chat-1,945.2,8.791,437.319,8.961,11.926,7.947,9.348
WBGene00019972,pei-2,91.5,0,31.302,0,6.856,0,3.381
WBGene00019975,flp-34,3.1,0,0,0,0,0,0
WBGene00020028,WBGene00020028,2852.2,18,210,14,21,22,29
WBGene00020062,nhr-270,106,0,0,0,0,0,0
WBGene00020139,eppl-1,1179.6,0,0,0,0,0,0
WBGene00020155,T02B11.3,1286,0,9.423,1.035,1.029,0,0
WBGene00020167,WBGene00020167,254.6,1.63,18.817,3.261,0,0,0
WBGene00020173,T02H6.3,484.6,0,0,0,0,0,0
WBGene00020207,T04B8.5,2643.6,0,0,0,0,0,0
WBGene00020311,T07D3.9,1268.6,0,0,1.972,0,0,0
WBGene00020341,T08B1.4,698.2,7.763,142.972,16.467,13.069,0,23.262
WBGene00020352,WBGene00020352,635.2,0,5,0,0,0,0
WBGene00020373,gpx-6,430.7,0,0,0,0,0,0
WBGene00020385,nhr-216,1161.1,0,2,0,0,0,0
WBGene00020388,WBGene00020388,1398.2,2,31,5,8,1,0
WBGene00020396,T10B5.10,667.6,0,0,0,0,0,0
WBGene00020428,irld-48,1062.6,0,0,0,0,0,0
WBGene00020453,fbxa-55,71.5,1,54,1,1,5,2
WBGene00020479,T13C2.3,1743.6,0,0,0,0,0,0
WBGene00020520,T15B7.8,2384.6,0,0,0,0,0,0
WBGene00020523,dmsr-14,837.6,0,0,0,0,0,0
WBGene00020549,nmt-1,1131.6,0,0,0,0,0,0
WBGene00020664,T21H3.5,995.6,0,0,0,0,0,0
WBGene00020682,T22D1.3,1383.7,0,90.682,3.282,0,0,2.648
WBGene00020749,srbc-67,640.2,0,6.858,0,0,0,0
WBGene00020784,tat-4,4306.6,25.26,335.703,23.745,26.815,36.888,41.334
WBGene00020834,T27A1.2,1424.4,0,0,0,2,0,5
WBGene00020851,nhr-227,897.8,0,7,0,0,0,1
WBGene00020852,nhr-228,971.5,0,0,0,0,0,16.016
WBGene00020853,fbxa-137,81,0,0,0,0,0,0
WBGene00020864,oac-50,1776.5,0,20.074,0,0,4,4
WBGene00020873,WBGene00020873,72.6,5,68,5,10,6,6
WBGene00020895,plpp-1.2,857.1,0,8.797,0,0,0,0
WBGene00020985,W03D8.2,962.6,0,0,0,0,0,0
WBGene00021000,W03F9.2,457.3,8,21.789,0,0,0,0
WBGene00021070,cpr-8,350.7,0,0,0,0,0,0
WBGene00021076,W07E6.5,690,0,23.806,6,0,7,2
WBGene00021078,unc-132,1497.2,63.294,289.614,25.238,37.278,31.92,0
WBGene00021101,W08F4.12,809.2,0,0,0,0,0,0
WBGene00021125,ccb-2,1034.6,0,0,0,0,0,0
WBGene00021152,mgl-3,2748.6,0,0,0,0,0,0
WBGene00021201,Y17G9B.4,573.2,4,61.7,6,9.947,7,2
WBGene00021216,str-257,1011.6,0,0,0,0,0,0
WBGene00021269,Y23H5A.2,24.5,0,0,0,0,0,0
WBGene00021278,WBGene00021278,722.2,1,66,1,5,5,6
WBGene00021281,ell-1,2495.6,0,0,0,0,0,0
WBGene00021302,Y32G9A.3,761.3,0,0,0,2,0,0
WBGene00021304,nphp-2,592.5,0,10.943,0,0,0,0
WBGene00021309,Y32G9B.1,1380.2,4.603,1.823,0,0,3,0
WBGene00021351,eif-2alpha,101.9,26.848,92.061,12.474,44.153,8.987,0
WBGene00021448,Y39D8A.1,1120.2,6,15.739,0,6.808,4.069,7.49
WBGene00021457,Y39F10C.1,907.7,0,1.393,0,4,0,0
WBGene00021461,nekl-1,2863.1,0,13,0,0,0,0
WBGene00021497,Y40C5A.4,1882.6,0,0,0,0,0,0
WBGene00021547,Y44E3A.1,664.2,0,9.113,0,0,0,0
WBGene00021555,pid-5,3142.9,0,50.795,11,0,0,0
WBGene00021556,Y45G5AM.3,1046,0,37.214,18,30,0,0
WBGene00021595,Y46E12BL.2,3662.3,0,0,0,12.114,0,0
WBGene00021611,nhr-238,756.8,0,0,0,0,1,0
WBGene00021671,Y48G1BM.6,3179,0,13.309,2,0,1.12,5
WBGene00021709,ugt-29,1393.2,4.119,0,0,0,0,0
WBGene00021738,Y50D4A.4,1145.6,0,0,0,0,0,0
WBGene00021741,Y50D4B.2,699.2,3,82.822,7.567,3.772,3.856,3.597
WBGene00021750,Y50D4C.6,308.8,0,0,0,0,0,0
WBGene00021909,Y55B1BL.1,536.5,0,558.996,0,0,20.126,0
WBGene00021921,rbm-39,1536.5,0,0,0,0,0,3.698
WBGene00022015,Y61A9LA.3,1388.9,0,62.098,5.097,0,0,0
WBGene00022074,Y69A2AR.1,1460.3,0,143.123,1.721,0,8.418,3.541
WBGene00022128,Y71F9B.6,1099.6,0,0,0,0,0,0
WBGene00022129,lron-11,1204.1,0,0,0,0,0,0
WBGene00022131,Y71F9B.13,1460.6,0,0,0,0,0,0
WBGene00022145,Y71G12B.5,3503.5,0,5,0,0,1,0
WBGene00022199,pfk-1.1,3004.6,0,0,2.108,0,0,0
WBGene00022202,Y72A10A.1,48.8,0,0,0,0,0,0
WBGene00022205,WBGene00022205,3001.2,2,155.001,6.09,8,8,10
WBGene00022360,ints-3,3359.2,35.666,0,35.017,0,37.835,0
WBGene00022419,Y102A11A.9,595.2,0,30.01,0,0,0,0
WBGene00022540,ZC190.6,1605.6,0,0,0,0,0,0
WBGene00022544,ZC190.10,206.2,0,0,0,0,0,0
WBGene00022621,ZC477.7,361.2,0,1.217,0,0,0,0
WBGene00022642,lipl-5,929.1,0,24.196,0,0,0,0
WBGene00022732,ZK418.2,1315.2,4.215,10.881,0,0,1.827,0
WBGene00022759,ZK546.2,1470.2,8.492,60.799,0,0,2.141,2.132
WBGene00022781,pmt-1,1165.7,0,18.329,3.039,0,0,3.13
WBGene00022785,kcmf-1,1823.1,0,4.994,0,0,0,0
WBGene00022861,dve-1,1832.6,0,0,1.353,0,0,0
WBGene00023172,Y23H5A.8,394.8,0,10,0,1,0,0
WBGene00023227,WBGene00023227,71,0,0,0,0,0,0
WBGene00023228,WBGene00023228,71,0,0,0,0,0,0
WBGene00023229,WBGene00023229,71,0,0,0,0,0,0
WBGene00023230,WBGene00023230,71,0,0,0,0,0,0
WBGene00023231,WBGene00023231,71,0,0,0,0,0,0
WBGene00023232,WBGene00023232,72,0,0,0,0,0,0
WBGene00023236,WBGene00023236,72,0,0,0,0,0,0
WBGene00023249,WBGene00023249,73,0,0,0,0,0,0
WBGene00023250,WBGene00023250,68,0,0,0,0,0,0
WBGene00023253,WBGene00023253,71,0,0,0,0,0,0
WBGene00023254,WBGene00023254,72,0,0,0,0,0,0
WBGene00023255,WBGene00023255,73,0,0,0,0,0,0
WBGene00023256,WBGene00023256,73,0,0,0,0,0,0
WBGene00023257,WBGene00023257,72,0,0,0,0,0,0
WBGene00023260,WBGene00023260,72,0,0,0,0,0,0
WBGene00023263,WBGene00023263,82,0,0,0,0,0,0
WBGene00023269,WBGene00023269,70,0,0,0,0,0,0
WBGene00023271,WBGene00023271,81,0,0,0,0,0,0
WBGene00023285,WBGene00023285,66,0,0,0,0,0,0
WBGene00023290,WBGene00023290,72,0,0,0,0,0,0
WBGene00023293,WBGene00023293,74,0,0,0,0,0,0
WBGene00023294,WBGene00023294,73,0,0,0,0,0,0
WBGene00023296,WBGene00023296,72,0,0,0,0,0,0
WBGene00023297,WBGene00023297,72,0,0,0,0,0,0
WBGene00023298,WBGene00023298,72,0,0,0,0,0,0
WBGene00023299,WBGene00023299,72,0,0,0,0,0,0
WBGene00023300,WBGene00023300,74,0,0,0,0,0,0
WBGene00023304,WBGene00023304,73,0,0,0,0,0,0
WBGene00023305,WBGene00023305,72,0,0,0,0,0,0
WBGene00023307,WBGene00023307,72,0,0,0,0,0,0
WBGene00023308,WBGene00023308,71,0,0,0,0,0,0
WBGene00023309,WBGene00023309,73,0,0,0,0,0,0
WBGene00023310,WBGene00023310,75,0,0,0,0,0,0
WBGene00023311,WBGene00023311,73,0,0,0,0,0,0
WBGene00023312,WBGene00023312,73,0,0,0,0,0,0
WBGene00023316,WBGene00023316,73,0,0,0,0,0,0
WBGene00023324,WBGene00023324,72,0,0,0,0,0,0
WBGene00023332,WBGene00023332,72,0,0,0,0,0,0
WBGene00023333,WBGene00023333,74,0,0,0,0,0,0
WBGene00023334,WBGene00023334,70,0,0,0,0,0,0
WBGene00023341,WBGene00023341,73,0,0,0,0,0,0
WBGene00023344,WBGene00023344,72,0,0,0,0,0,0
WBGene00023346,WBGene00023346,72,0,0,0,0,0,0
WBGene00023349,WBGene00023349,72,0,0,0,0,0,0
WBGene00023353,WBGene00023353,77,0,0,0,0,0,0
WBGene00023357,WBGene00023357,73,0,0,0,0,0,0
WBGene00023360,WBGene00023360,73,0,0,0,0,0,0
WBGene00023361,WBGene00023361,72,0,0,0,0,0,0
WBGene00023362,WBGene00023362,73,0,0,0,0,0,0
WBGene00023363,WBGene00023363,71,0,0,0,0,0,0
WBGene00023364,WBGene00023364,72,0,0,0,0,0,0
WBGene00023366,WBGene00023366,73,0,0,0,0,0,0
WBGene00023370,WBGene00023370,74,0,0,0,0,0,0
WBGene00023373,WBGene00023373,72,0,0,0,0,0,0
WBGene00023375,WBGene00023375,73,0,0,0,0,0,0
WBGene00023376,WBGene00023376,72,0,0,0,0,0,0
WBGene00023377,WBGene00023377,73,0,0,0,0,0,0
WBGene00023378,WBGene00023378,72,0,0,0,0,0,0
WBGene00023379,WBGene00023379,73,0,0,0,0,0,0
WBGene00023380,WBGene00023380,73,0,0,0,0,0,0
WBGene00023381,WBGene00023381,72,0,0,0,0,0,0
WBGene00023383,WBGene00023383,72,0,0,0,0,0,0
WBGene00023385,WBGene00023385,73,0,0,0,0,0,0
WBGene00023386,WBGene00023386,73,0,0,0,0,0,0
WBGene00023387,WBGene00023387,73,0,0,0,0,0,0
WBGene00023388,WBGene00023388,76,0,0,0,0,0,0
WBGene00023389,WBGene00023389,73,0,0,0,0,0,0
WBGene00023390,WBGene00023390,73,0,0,0,0,0,0
WBGene00023391,WBGene00023391,72,0,0,0,0,0,0
WBGene00023392,WBGene00023392,71,0,0,0,0,0,0
WBGene00023393,WBGene00023393,73,0,0,0,0,0,0
WBGene00023394,WBGene00023394,72,0,0,0,0,0,0
WBGene00023396,WBGene00023396,73,0,0,0,0,0,0
WBGene00023397,WBGene00023397,73,0,0,0,0,0,0
WBGene00023398,WBGene00023398,73,0,0,0,0,0,0
WBGene00023401,WBGene00023401,73,0,0,0,0,0,0
WBGene00023508,srz-38,629.6,0,0,0,0,0,0
WBGene00043059,srab-26,761.6,0,0,0,0,0,0
WBGene00043062,clec-80,1413.2,25,0,5,0,0,7
WBGene00043239,WBGene00043239,716.6,0,0,0,0,0,0
WBGene00044004,C24A8.6,625.8,0,47.477,0,0,0,1.789
WBGene00044080,D1086.10,256.6,15.751,350.646,20.979,17.682,15.306,12.178
WBGene00044099,srd-61,709.6,0,0,0,0,0,0
WBGene00044125,srsx-16,433.7,0,0,0,0,0,0
WBGene00044207,Y6G8.5,566.6,0,0,0,0,0,0
WBGene00044300,D1022.9,741.5,0,0,4,0,0,5
WBGene00044344,mrpl-39,663.6,0,0,0,0,0,0
WBGene00044419,fbxc-17,450.7,0,0,0,0,0,0
WBGene00044420,C50D2.10,935.2,11.085,0,12,7.807,0,5
WBGene00044525,Y73C8B.5,312.8,0,0,0,0,0,0
WBGene00044527,Y39H10B.2,409.6,0,0,0,0,0,6.763
WBGene00044637,rft-1,1205.1,0,68.279,0,0,0,0
WBGene00044776,T02B11.8,33.1,0,0,0,0,0,0
WBGene00044988,W01A8.8,58.6,0,0,0,0,0,0
WBGene00045060,F55B11.7,380.9,0,29.24,0,0,0,1.697
WBGene00045063,Y37A1A.4,25.3,0,0,0,0,0,0
WBGene00045101,C35D6.13,929.6,0,0,0,0,0,0
WBGene00045122,F22B3.10,712.6,0,0,0,0,0,0
WBGene00045144,Y64G10A.10,159.1,0,0,0,0,0,0
WBGene00045146,Y41E3.22,24.2,0,0,0,0,0,0
WBGene00045234,Y26D4A.17,297.8,0,0,0,0,0,0
WBGene00045235,WBGene00045235,192.4,0,0,0,0,0,0
WBGene00045236,WBGene00045236,213.4,0,0,0,0,0,0
WBGene00045322,WBGene00045322,1469.2,0,18.061,0,4.031,0,6.183
WBGene00050917,Y53G8AL.4,35.1,0,8,0,4,0,0
WBGene00077526,C25A1.16,239,0,0,0,0,0,0
WBGene00077698,lurp-4,979.1,0,19,0,0,0,0
WBGene00077789,WBGene00077789,86.7,0,0,0,0,0,0
WBGene00185092,K08D8.7,455.3,3,52.253,1,1.183,4,0
WBGene00194650,WBGene00194650,627.2,1,31.037,1,5,3.573,4
WBGene00194677,D1054.19,25.8,0,0,0,0,0,0
WBGene00194680,Y17D7C.6,119.8,0,6,0,0,0,0
WBGene00194852,T28A8.8,132.4,0,0,1,0,0,1
WBGene00194934,ZK809.9,1282.2,11,0,0,0,0,0
WBGene00195183,R04A9.9,53.8,0,0,0,0,0,0
WBGene00219244,Y51H4A.938,59.9,0,0,0,0,0,0
WBGene00219378,F43G6.17,681.6,0,0,0,0,0,0
WBGene00219399,Y55F3AM.21,626.6,0,0,0,0,0,0
WBGene00219422,Y52B11A.20,853.1,0,3,0,0,0,0
WBGene00219452,F21D9.11,513.9,0,5,0,0,0,1
WBGene00235129,ZC518.8,98,0,0,0,0,0,0
WBGene00235270,WBGene00235270,48.8,0,62.626,5.511,30.581,5.402,0
WBGene00269389,C08F1.12,478.7,0,0,0,0,0,0
